2019_district council,18_district,hk_islands,kowloon,new_town,others
司徒拔道,灣仔區 ,989,436,202,174
跑馬地,灣仔區 ,1273,425,474,132
樂活,灣仔區 ,1044,363,394,79
渣甸山,灣仔區 ,1207,521,248,--
大坑,灣仔區 ,792,630,328,100
銅鑼灣,灣仔區 ,818,343,307,73
天后,灣仔區 ,966,184,186,--
軒尼詩,灣仔區 ,684,278,359,192
修頓,灣仔區 ,893,352,571,16
愛群,灣仔區 ,516,538,533,128
大佛口,灣仔區 ,682,349,318,119
鵝頸,灣仔區 ,520,287,394,52
維園,灣仔區 ,1203,272,512,67
海濱,荃灣區 ,149,455,714,12
馬灣,荃灣區 ,440,614,996,92
楊屋道,荃灣區 ,355,661,2401,98
德華,荃灣區 ,190,284,960,172
荃灣南,荃灣區 ,337,1450,1754,108
福來,荃灣區 ,40,258,306,23
荃灣西,荃灣區 ,704,2057,2618,355
愉景,荃灣區 ,201,487,405,91
荃灣中心,荃灣區 ,115,773,1293,81
梨木樹西,荃灣區 ,35,58,324,1
荃灣郊區,荃灣區 ,114,833,1019,148
梨木樹東,荃灣區 ,106,237,615,30
象石,荃灣區 ,71,179,318,86
汀深,荃灣區 ,133,575,989,145
麗濤,荃灣區 ,205,772,491,307
荃威,荃灣區 ,257,805,622,18
石圍角,荃灣區 ,27,250,125,3
綠楊,荃灣區 ,63,327,752,59
祈德尊,荃灣區 ,245,475,1121,123
山頂,中西區 ,1748,178,143,173
觀龍,中西區 ,312,156,279,6
半山東,中西區 ,972,267,465,114
衛城,中西區 ,1136,427,567,158
大學,中西區 ,877,429,537,164
水街,中西區 ,579,344,195,71
東華,中西區 ,806,447,393,62
正街,中西區 ,473,307,632,229
中環,中西區 ,529,546,287,59
上環,中西區 ,511,365,404,115
西營盤,中西區 ,350,443,337,53
石塘咀,中西區 ,341,242,367,83
寶翠,中西區 ,450,477,549,72
西環,中西區 ,374,268,296,140
堅摩,中西區 ,474,512,348,63
彩雲南,黃大仙區 ,36,721,234,45
東頭,黃大仙區 ,429,2030,421,34
彩虹,黃大仙區 ,64,522,220,35
東美,黃大仙區 ,74,252,360,4
新蒲崗,黃大仙區 ,231,1203,921,100
彩雲西,黃大仙區 ,86,319,159,33
樂富,黃大仙區 ,22,717,223,101
龍下,黃大仙區 ,156,192,355,21
彩雲東,黃大仙區 ,376,589,848,161
池彩,黃大仙區 ,81,529,399,26
龍趣,黃大仙區 ,136,609,399,22
橫頭磡,黃大仙區 ,25,398,374,8
龍上,黃大仙區 ,38,437,229,48
天強,黃大仙區 ,60,243,228,44
竹園南,黃大仙區 ,34,541,230,23
鳳德,黃大仙區 ,76,169,86,--
龍星,黃大仙區 ,115,728,216,27
鳳凰,黃大仙區 ,286,500,672,88
慈雲東,黃大仙區 ,125,368,423,125
瓊富,黃大仙區 ,518,810,544,22
竹園北,黃大仙區 ,45,87,110,25
慈雲西,黃大仙區 ,154,705,245,25
翠竹及鵬程,黃大仙區 ,58,288,124,95
正愛,黃大仙區 ,92,357,189,--
正安,黃大仙區 ,12,667,341,1
兆禧,屯門區 ,29,180,233,12
湖景,屯門區 ,--,67,157,141
蝴蝶,屯門區 ,76,7,402,105
悅湖,屯門區 ,--,--,234,34
富新,屯門區 ,29,14,101,--
兆翠,屯門區 ,38,46,338,45
友愛南,屯門區 ,10,22,303,218
安定,屯門區 ,78,42,266,20
兆置,屯門區 ,280,187,369,174
友愛北,屯門區 ,58,133,341,39
龍門,屯門區 ,50,189,455,45
屯門市中心,屯門區 ,185,364,1157,57
山景,屯門區 ,8,67,85,177
翠興,屯門區 ,282,202,488,19
景興,屯門區 ,107,121,764,148
興澤,屯門區 ,101,145,419,242
田景,屯門區 ,29,10,139,47
三聖,屯門區 ,110,537,576,168
良景,屯門區 ,6,121,115,1
建生,屯門區 ,166,185,555,87
新景,屯門區 ,--,47,220,--
景峰,屯門區 ,277,586,1245,72
兆康,屯門區 ,108,264,646,95
新墟,屯門區 ,308,754,1237,125
富泰,屯門區 ,83,124,387,109
樂翠,屯門區 ,89,116,810,130
屯門鄉郊,屯門區 ,274,507,1658,282
寶田,屯門區 ,78,569,804,53
掃管笏,屯門區 ,664,852,2507,330
恒福,屯門區 ,272,266,577,206
欣田,屯門區 ,270,677,5484,2263
長洲,離島區 ,303,424,426,83
南丫及蒲台,離島區 ,317,136,114,22
滿逸,離島區 ,976,2765,5588,1015
逸東?北,離島區 ,10,287,698,140
坪洲及喜靈洲,離島區 ,294,272,529,64
東涌中,離島區 ,584,1028,1221,283
愉景灣,離島區 ,1126,1007,964,40
大嶼山,離島區 ,1118,1932,3209,537
東涌北,離島區 ,1712,3197,5344,986
東涌南,離島區 ,469,562,651,94
尖沙咀中,油尖旺區 ,254,474,653,218
佐敦北,油尖旺區 ,233,779,465,189
佐敦西,油尖旺區 ,211,652,537,132
油麻地南,油尖旺區 ,472,751,538,65
富榮,油尖旺區 ,186,572,320,7
尖東及京士柏,油尖旺區 ,485,1404,606,161
尖沙咀西,油尖旺區 ,391,579,637,87
油麻地北,油尖旺區 ,108,700,362,144
富柏,油尖旺區 ,379,319,467,16
旺角西,油尖旺區 ,326,489,1019,82
櫻桃,油尖旺區 ,448,1173,1052,166
旺角南,油尖旺區 ,313,831,870,192
大角咀南,油尖旺區 ,377,552,545,56
奧運,油尖旺區 ,583,856,1073,159
大角咀北,油尖旺區 ,317,925,953,97
旺角北,油尖旺區 ,385,595,774,42
大南,油尖旺區 ,305,1089,846,185
旺角東,油尖旺區 ,328,857,499,101
佐敦南,油尖旺區 ,279,447,391,93
九龍站,油尖旺區 ,545,547,582,169
長青,葵青區 ,253,236,1287,12
長康,葵青區 ,85,154,394,1
盛康,葵青區 ,84,326,402,42
祖堯,葵青區 ,96,405,453,72
荔景,葵青區 ,65,265,279,9
青衣?,葵青區 ,50,279,263,1
翠怡,葵青區 ,228,553,928,61
荔華,葵青區 ,41,760,512,16
青衣南,葵青區 ,134,259,666,91
偉盈,葵青區 ,85,188,405,73
華麗,葵青區 ,126,657,378,123
長安,葵青區 ,25,175,154,40
興芳,葵青區 ,455,1083,1400,110
安灝,葵青區 ,85,378,528,123
青發,葵青區 ,6,224,361,1
長亨,葵青區 ,15,101,386,134
葵盛東?,葵青區 ,131,456,362,76
葵盛西?,葵青區 ,64,161,486,--
葵芳,葵青區 ,318,288,337,111
上大窩口,葵青區 ,130,410,518,53
葵涌?南,葵青區 ,68,204,655,15
葵興,葵青區 ,240,265,245,17
石籬北,葵青區 ,18,66,85,--
石籬南,葵青區 ,154,244,510,156
下大窩口,葵青區 ,261,238,368,56
葵涌?北,葵青區 ,46,70,152,12
大白田西,葵青區 ,696,623,765,66
石蔭,葵青區 ,20,145,627,--
安蔭,葵青區 ,37,347,673,67
葵聯,葵青區 ,100,275,486,19
大白田東,葵青區 ,160,398,605,60
環翠,東區 ,343,196,221,121
佳曉,東區 ,106,169,96,--
小西灣,東區 ,329,53,54,3
翠德,東區 ,79,183,309,169
漁灣,東區 ,468,679,273,87
翡翠,東區 ,356,284,197,120
景怡,東區 ,64,110,87,18
興民,東區 ,147,155,212,48
樂康,東區 ,174,338,274,6
欣藍,東區 ,310,61,260,16
上耀東,東區 ,311,40,44,--
下耀東,東區 ,189,363,398,62
翠灣,東區 ,386,95,110,3
筲箕灣,東區 ,543,283,311,88
愛秩序灣,東區 ,128,280,139,6
杏花?,東區 ,712,131,323,226
興東,東區 ,136,163,93,--
康怡,東區 ,522,132,432,19
西灣河,東區 ,520,678,747,167
南豐,東區 ,410,236,204,122
康山,東區 ,380,94,420,37
柏架山,東區 ,307,86,138,16
寶馬山,東區 ,1202,259,221,54
炮台山,東區 ,896,232,184,18
阿公岩,東區 ,315,264,471,81
錦屏,東區 ,509,295,335,102
堡壘,東區 ,522,230,338,90
丹拿,東區 ,797,278,603,72
鯉景灣,東區 ,682,357,557,64
太古城東,東區 ,605,334,502,72
太古城西,東區 ,465,219,317,14
城市花園,東區 ,970,435,432,26
和富,東區 ,602,343,563,51
健康村,東區 ,621,225,426,37
?魚涌,東區 ,193,146,238,64
俊翔,觀塘區 ,39,365,237,12
油麗,觀塘區 ,207,437,82,34
?雅,觀塘區 ,46,264,91,20
油塘西,觀塘區 ,531,707,760,13
平田,觀塘區 ,71,404,134,77
麗港城,觀塘區 ,223,513,730,103
景田,觀塘區 ,251,343,1426,129
藍田,觀塘區 ,192,234,143,11
興田,觀塘區 ,125,232,271,11
廣德,觀塘區 ,217,373,262,4
月華,觀塘區 ,67,168,740,72
秀茂坪南,觀塘區 ,115,518,349,38
翠屏,觀塘區 ,304,468,338,13
寶樂,觀塘區 ,47,260,98,--
定安,觀塘區 ,164,337,211,26
觀塘中心,觀塘區 ,321,655,863,57
康樂,觀塘區 ,158,542,394,39
協康,觀塘區 ,217,331,570,160
牛頭角上?,觀塘區 ,99,354,143,12
曉麗,觀塘區 ,113,264,359,29
樂華南,觀塘區 ,195,235,791,51
樂華北,觀塘區 ,252,215,76,--
秀茂坪北,觀塘區 ,209,613,259,22
牛頭角下?,觀塘區 ,201,283,222,128
淘大,觀塘區 ,257,567,516,19
九龍灣,觀塘區 ,195,514,687,63
佐敦谷,觀塘區 ,301,1210,457,6
順天,觀塘區 ,93,301,361,23
安利,觀塘區 ,1172,2673,779,119
啟業,觀塘區 ,170,1050,610,179
彩德,觀塘區 ,207,489,474,23
寶達,觀塘區 ,24,245,235,12
坪石,觀塘區 ,245,1552,924,22
雙順,觀塘區 ,148,677,753,54
麗晶,觀塘區 ,150,370,138,45
觀塘安泰,觀塘區 ,2933,8687,2647,599
秀茂坪中,觀塘區 ,374,659,580,138
安達,觀塘區 ,1611,5016,1590,402
油翠,觀塘區 ,222,282,481,13
油塘東,觀塘區 ,259,62,120,38
顯嘉,沙田區 ,159,302,542,10
徑口,沙田區 ,168,368,273,143
翠田,沙田區 ,134,372,262,80
田心,沙田區 ,30,220,331,15
新田圍,沙田區 ,98,233,429,50
雲城,沙田區 ,456,752,1269,74
翠嘉,沙田區 ,209,253,647,94
秦豐,沙田區 ,58,249,458,147
博康,沙田區 ,37,151,226,1
下城門,沙田區 ,239,490,559,133
大圍,沙田區 ,133,449,837,89
沙角,沙田區 ,19,564,361,46
水泉澳,沙田區 ,758,2770,4390,774
廣源,沙田區 ,21,171,238,18
沙田市中心,沙田區 ,118,466,854,121
愉城,沙田區 ,225,587,768,11
王屋,沙田區 ,169,665,1261,170
第一城,沙田區 ,151,176,627,159
禾輋?,沙田區 ,30,637,472,14
瀝源,沙田區 ,132,523,404,40
松田,沙田區 ,47,273,810,--
碧湖,沙田區 ,352,368,250,47
廣康,沙田區 ,167,220,473,17
愉欣,沙田區 ,81,455,382,40
鞍泰,沙田區 ,32,230,365,8
恆安,沙田區 ,66,261,131,15
火炭,沙田區 ,784,1750,2333,102
耀安,沙田區 ,28,227,226,1
頌安,沙田區 ,244,425,726,43
大水坑,沙田區 ,115,134,405,40
錦英,沙田區 ,58,199,638,14
富龍,沙田區 ,79,206,708,31
利安,沙田區 ,38,320,642,1
錦濤,沙田區 ,102,272,723,77
馬鞍山市中心,沙田區 ,196,246,555,62
烏溪沙,沙田區 ,736,1436,3575,121
駿馬,沙田區 ,246,414,844,254
乙泉,沙田區 ,349,1032,1761,364
穗禾,沙田區 ,674,2853,4261,797
海嵐,沙田區 ,272,424,1561,122
帝怡,沙田區 ,525,2332,4294,890
利東二,南區 ,86,36,119,78
利東一,南區 ,517,205,85,26
海怡東,南區 ,519,394,208,--
海怡西,南區 ,683,278,150,21
鴨?洲?,南區 ,123,51,93,1
鴨?洲北,南區 ,598,286,551,109
香港仔,南區 ,297,153,267,157
石漁,南區 ,163,86,117,68
華貴,南區 ,104,26,143,2
華富南,南區 ,91,136,75,132
田灣,南區 ,574,496,269,46
華富北,南區 ,359,148,89,10
黃竹坑,南區 ,641,804,593,88
海灣,南區 ,1247,356,358,383
赤柱及石澳,南區 ,1942,546,448,139
置富,南區 ,538,124,326,91
薄扶林,南區 ,1968,435,237,157
南昌南,深水埗區 ,203,879,761,77
南昌西,深水埗區 ,164,1146,799,110
南昌中,深水埗區 ,181,592,927,130
南昌東,深水埗區 ,519,2007,1153,236
南昌北,深水埗區 ,275,823,721,12
麗閣,深水埗區 ,21,308,434,85
石硤尾,深水埗區 ,452,956,421,15
荔枝角南,深水埗區 ,33,260,300,10
荔枝角中,深水埗區 ,362,671,1060,18
美孚南,深水埗區 ,103,626,668,54
南山、大坑東及大坑西,深水埗區 ,222,830,307,2
長沙灣,深水埗區 ,479,495,648,48
下白田,深水埗區 ,135,342,225,21
美孚中,深水埗區 ,143,271,764,97
幸福,深水埗區 ,815,3773,3970,259
寶麗,深水埗區 ,179,525,560,61
荔枝角北,深水埗區 ,717,1122,1209,77
美孚北,深水埗區 ,325,563,1328,207
李鄭屋,深水埗區 ,84,175,206,78
蘇屋,深水埗區 ,2191,6260,2571,713
又一村,深水埗區 ,420,709,687,32
龍坪及上白田,深水埗區 ,65,311,252,43
碧匯,深水埗區 ,2094,6173,5848,658
富昌,深水埗區 ,309,561,1208,98
元州,深水埗區 ,60,510,470,27
黃埔西,九龍城區 ,355,737,1111,51
紅磡灣,九龍城區 ,199,705,546,53
紅磡,九龍城區 ,194,599,609,137
黃埔東,九龍城區 ,332,859,682,115
家維,九龍城區 ,158,609,519,79
土瓜灣南,九龍城區 ,277,738,984,54
愛俊,九龍城區 ,97,300,233,33
鶴園海逸,九龍城區 ,217,881,723,5
土瓜灣北,九龍城區 ,165,964,198,17
愛民,九龍城區 ,349,757,384,15
海心,九龍城區 ,261,1000,527,26
常樂,九龍城區 ,624,2478,1069,152
馬頭角,九龍城區 ,195,699,440,85
樂民,九龍城區 ,84,189,242,70
馬坑涌,九龍城區 ,220,621,1070,5
何文田,九龍城區 ,271,771,1273,94
宋皇臺,九龍城區 ,297,1166,873,28
嘉道理,九龍城區 ,322,1260,770,157
馬頭圍,九龍城區 ,166,592,689,18
太子,九龍城區 ,138,853,913,73
龍城,九龍城區 ,265,1246,960,137
啟德中及南,九龍城區 ,866,3834,2377,116
九龍塘,九龍城區 ,258,1100,1130,46
啟德東,九龍城區 ,79,245,140,--
啟德北,九龍城區 ,146,387,275,16
運頭塘,大埔區 ,57,67,208,--
大埔滘,大埔區 ,675,1003,2196,564
宏福,大埔區 ,732,2285,4991,554
新富,大埔區 ,208,141,675,200
大埔墟,大埔區 ,189,618,850,341
廣福及寶湖,大埔區 ,12,39,353,98
太和,大埔區 ,5,83,118,14
富明新,大埔區 ,17,88,272,76
大埔中,大埔區 ,93,127,509,175
舊墟及太湖,大埔區 ,312,359,738,169
怡富,大埔區 ,9,85,78,66
大元,大埔區 ,5,24,265,56
頌汀,大埔區 ,43,126,203,18
富亨,大埔區 ,7,22,195,26
林村谷,大埔區 ,394,423,3209,276
康樂園,大埔區 ,508,504,2038,646
西貢北,大埔區 ,210,540,1744,585
船灣,大埔區 ,775,1603,1692,652
華明,北區 ,11,75,89,40
欣盛,北區 ,56,178,1130,324
華都,北區 ,16,129,480,127
祥華,北區 ,41,308,243,44
盛福,北區 ,35,108,193,92
清河,北區 ,23,12,175,248
粉嶺南,北區 ,151,291,575,223
御太,北區 ,121,356,819,427
聯和墟,北區 ,114,357,624,310
彩園,北區 ,2,39,252,305
粉嶺市,北區 ,35,65,302,340
天平東,北區 ,57,102,552,182
天平西,北區 ,43,53,106,62
石湖墟,北區 ,209,319,1328,807
鳳翠,北區 ,418,122,416,185
皇后山,北區 ,210,650,2203,154
上水鄉郊,北區 ,450,1011,2243,318
沙打,北區 ,198,177,1740,98
十八鄉西,元朗區 ,371,720,2580,364
八鄉南,元朗區 ,492,909,2993,351
十八鄉中,元朗區 ,517,1255,2194,991
屏山南,元朗區 ,221,692,2336,209
鳳翔,元朗區 ,172,514,1169,292
豐年,元朗區 ,112,237,1115,810
元龍,元朗區 ,106,451,1462,245
水邊,元朗區 ,76,425,806,407
元朗中心,元朗區 ,455,511,1314,573
南屏,元朗區 ,126,317,618,166
天盛,元朗區 ,4,44,248,4
天耀,元朗區 ,12,37,310,4
元朗東頭,元朗區 ,257,694,4163,478
耀祐,元朗區 ,82,48,844,137
慈祐,元朗區 ,64,113,460,104
瑞愛,元朗區 ,51,67,402,272
十八鄉東,元朗區 ,291,230,3351,180
嘉湖南,元朗區 ,156,357,954,364
瑞華,元朗區 ,25,40,359,60
頌華,元朗區 ,--,155,449,83
頌?,元朗區 ,--,155,449,83
嘉湖北,元朗區 ,384,511,1366,342
屏山中,元朗區 ,157,656,2370,374
錦田,元朗區 ,544,1472,5010,150
悅恩,元朗區 ,59,104,643,152
富恩,元朗區 ,5,79,192,150
晴景,元朗區 ,27,174,678,246
逸澤,元朗區 ,32,16,542,121
八鄉北,元朗區 ,201,667,2033,246
宏逸,元朗區 ,65,173,730,325
天恒,元朗區 ,--,39,186,92
廈村,元朗區 ,267,359,2699,769
錦?花園,元朗區 ,77,366,1260,83
屏山北,元朗區 ,124,632,1736,491
新田,元朗區 ,218,412,1603,206
北朗,元朗區 ,--,69,218,112
十八鄉北,元朗區 ,301,1019,2643,431
洪福,元朗區 ,60,95,1551,202
盛欣,元朗區 ,493,944,4961,153
維景,西貢區 ,383,554,326,91
都善,西貢區 ,587,1036,324,55
健明,西貢區 ,188,181,362,49
海晉,西貢區 ,3307,4779,1624,598
環保南,西貢區 ,4329,3379,1751,402
彩健,西貢區 ,54,239,85,51
澳唐,西貢區 ,500,611,187,97
富君,西貢區 ,275,613,272,129
環保北,西貢區 ,1107,1557,439,376
尚德,西貢區 ,71,290,80,21
軍寶,西貢區 ,272,644,262,181
廣明,西貢區 ,265,386,201,46
德明,西貢區 ,166,145,187,83
南安,西貢區 ,334,413,132,44
厚德,西貢區 ,56,178,157,35
富藍,西貢區 ,332,629,224,38
景林,西貢區 ,34,141,219,40
運亨,西貢區 ,156,422,148,41
翠林,西貢區 ,74,54,57,13
康景,西貢區 ,100,649,15,16
欣英,西貢區 ,289,351,220,14
寶林,西貢區 ,35,77,115,33
坑口西,西貢區 ,1168,1719,1662,457
坑口東,西貢區 ,738,799,1281,252
西貢市中心,西貢區 ,503,588,823,174
白沙灣,西貢區 ,1023,638,493,111
西貢離島,西貢區 ,440,746,1059,107
寶怡,西貢區 ,34,165,299,28
慧茵,西貢區 ,188,268,137,13
寶雅,大埔區 ,63,104,658,215
